Актив,Угроза,Базовый риск,Остаточный риск,Снижение %,Категория
Сервер БД,Фишинг,48000000.0,16800000.0,65.0,Критический
Сервер БД,Вирусная атака,35000000.0,12250000.0,65.0,Высокий
Сервер БД,Отказ оборудования,18000000.0,6300000.0,65.0,Средний
Локальная сеть,Фишинг,5760000.0,2016000.0,65.0,Низкий
Локальная сеть,Вирусная атака,4200000.0,1470000.0,65.0,Низкий
Локальная сеть,Отказ оборудования,2160000.0,756000.0,65.0,Низкий
Рабочие станции,Фишинг,7680000.0,2688000.0,65.0,Низкий
Рабочие станции,Вирусная атака,5600000.0,1960000.0,65.0,Низкий
Рабочие станции,Отказ оборудования,2880000.0,1008000.0,65.0,Низкий
